{
    "accuracy": 0.8689395680147058,
    "loss": 0.4060012400150299
}