{
    "accuracy": 0.9417523734177216,
    "loss": 0.20459055240395702
}