{
    "accuracy": 0.9209849683544303,
    "loss": 0.28889443338671816
}