{
    "accuracy": 0.653184335443038,
    "loss": 1.1561122936538504
}