{
    "accuracy": 0.658623417721519,
    "loss": 1.0782569563841518
}