{
    "accuracy": 0.8249604430379747,
    "loss": 0.518639146149913
}