{
    "accuracy": 0.8127966772151899,
    "loss": 0.5446664464624622
}