{
    "accuracy": 0.7752175632911392,
    "loss": 0.6327225524413435
}