{
    "accuracy": 0.7787776898734177,
    "loss": 0.6263639960862413
}