{
    "accuracy": 0.7723496835443038,
    "loss": 0.6856448261798183
}