{
    "accuracy": 0.7671083860759493,
    "loss": 1.296228440502022
}