{
    "accuracy": 0.9170543882218412,
    "loss": 0.18711957335472107
}