{
    "accuracy": 0.6065071202531646,
    "loss": 1.1031107977975774
}