{
    "accuracy": 0.8761867088607594,
    "loss": 0.47246380810496175
}