{
    "accuracy": 0.875692246835443,
    "loss": 0.48395930777622176
}