{
    "accuracy": 0.8181368670886076,
    "loss": 0.5367905207072632
}