{
    "accuracy": 0.7872824367088608,
    "loss": 0.6564780473709106
}