{
    "accuracy": 0.8351463607594937,
    "loss": 0.47749902289124985
}