{
    "accuracy": 0.832871835443038,
    "loss": 0.48751218862171414
}