{
    "accuracy": 0.7718552215189873,
    "loss": 1.0411324501037598
}