{
    "accuracy": 0.8309928797468354,
    "loss": 0.49312050187889533
}