{
    "accuracy": 0.8149723101265823,
    "loss": 0.536188285184812
}