{
    "accuracy": 0.8341574367088608,
    "loss": 0.48970089607600925
}