{
    "accuracy": 0.8246637658227848,
    "loss": 0.5030182965948612
}