{
    "accuracy": 0.8474090189873418,
    "loss": 0.4681823261176484
}