{
    "accuracy": 0.8373219936708861,
    "loss": 0.4829741059979306
}